{
  "predictionsStereoSet_Transformer": {
    "intrasentence": {
      "gender": {
        "Count": 2313.0,
        "LM Score": 25.26779927505814,
        "SS Score": 42.97439277641676,
        "ICAT Score": 21.717366612840145,
        "LM Balanced": 50.53559855011629,
        "SS Balanced": 85.94878555283351,
        "ICAT Balanced": 43.43473322568029
      },
      "profession": {
        "Count": 7194.0,
        "LM Score": 28.089188668892767,
        "SS Score": 43.24115960743238,
        "ICAT Score": 24.292181809497464,
        "LM Balanced": 56.178377337785534,
        "SS Balanced": 86.48231921486476,
        "ICAT Balanced": 48.58436361899493
      },
      "race": {
        "Count": 8928.0,
        "LM Score": 29.45015769632065,
        "SS Score": 44.43698098173102,
        "ICAT Score": 26.173521949207604,
        "LM Balanced": 58.90031539264131,
        "SS Balanced": 88.87396196346204,
        "ICAT Balanced": 52.3470438984152
      },
      "religion": {
        "Count": 741.0,
        "LM Score": 21.639443115465856,
        "SS Score": 43.48100630698579,
        "ICAT Score": 18.818095251664623,
        "LM Balanced": 43.27888623093171,
        "SS Balanced": 86.96201261397158,
        "ICAT Balanced": 37.636190503329246
      },
      "overall": {
        "Count": 6392.0,
        "LM Score": 28.13505688502281,
        "SS Score": 43.77538865975163,
        "ICAT Score": 24.63246100212189,
        "LM Balanced": 56.270113770045626,
        "SS Balanced": 87.55077731950325,
        "ICAT Balanced": 49.264922004243786
      }
    },
    "overall": {
      "Count": 6392.0,
      "LM Score": 28.13505688502281,
      "SS Score": 43.77538865975163,
      "ICAT Score": 24.63246100212189,
      "LM Balanced": 56.270113770045626,
      "SS Balanced": 87.55077731950325,
      "ICAT Balanced": 49.264922004243786
    }
  }
}